/*
Navicat MySQL Data Transfer

Source Server         : localhost_3306
Source Server Version : 50709
Source Host           : localhost:3306
Source Database       : bookdb

Target Server Type    : MYSQL
Target Server Version : 50709
File Encoding         : 65001

Date: 2015-11-06 22:22:59
*/

SET FOREIGN_KEY_CHECKS=0;

-- ----------------------------
-- Table structure for `auth_group`
-- ----------------------------
DROP TABLE IF EXISTS `auth_group`;
CREATE TABLE `auth_group` (
  `id` int(11) NOT NULL AUTO_INCREMENT,
  `name` varchar(80) NOT NULL,
  PRIMARY KEY (`id`),
  UNIQUE KEY `name` (`name`)
) ENGINE=InnoDB DEFAULT CHARSET=utf8;

-- ----------------------------
-- Records of auth_group
-- ----------------------------

-- ----------------------------
-- Table structure for `auth_group_permissions`
-- ----------------------------
DROP TABLE IF EXISTS `auth_group_permissions`;
CREATE TABLE `auth_group_permissions` (
  `id` int(11) NOT NULL AUTO_INCREMENT,
  `group_id` int(11) NOT NULL,
  `permission_id` int(11) NOT NULL,
  PRIMARY KEY (`id`),
  UNIQUE KEY `group_id` (`group_id`,`permission_id`),
  KEY `auth_group_permissions_5f412f9a` (`group_id`),
  KEY `auth_group_permissions_83d7f98b` (`permission_id`),
  CONSTRAINT `group_id_refs_id_f4b32aac` FOREIGN KEY (`group_id`) REFERENCES `auth_group` (`id`),
  CONSTRAINT `permission_id_refs_id_6ba0f519` FOREIGN KEY (`permission_id`) REFERENCES `auth_permission` (`id`)
) ENGINE=InnoDB DEFAULT CHARSET=utf8;

-- ----------------------------
-- Records of auth_group_permissions
-- ----------------------------

-- ----------------------------
-- Table structure for `auth_permission`
-- ----------------------------
DROP TABLE IF EXISTS `auth_permission`;
CREATE TABLE `auth_permission` (
  `id` int(11) NOT NULL AUTO_INCREMENT,
  `name` varchar(50) NOT NULL,
  `content_type_id` int(11) NOT NULL,
  `codename` varchar(100) NOT NULL,
  PRIMARY KEY (`id`),
  UNIQUE KEY `content_type_id` (`content_type_id`,`codename`),
  KEY `auth_permission_37ef4eb4` (`content_type_id`),
  CONSTRAINT `content_type_id_refs_id_d043b34a` FOREIGN KEY (`content_type_id`) REFERENCES `django_content_type` (`id`)
) ENGINE=InnoDB AUTO_INCREMENT=25 DEFAULT CHARSET=utf8;

-- ----------------------------
-- Records of auth_permission
-- ----------------------------
INSERT INTO `auth_permission` VALUES ('1', 'Can add permission', '1', 'add_permission');
INSERT INTO `auth_permission` VALUES ('2', 'Can change permission', '1', 'change_permission');
INSERT INTO `auth_permission` VALUES ('3', 'Can delete permission', '1', 'delete_permission');
INSERT INTO `auth_permission` VALUES ('4', 'Can add group', '2', 'add_group');
INSERT INTO `auth_permission` VALUES ('5', 'Can change group', '2', 'change_group');
INSERT INTO `auth_permission` VALUES ('6', 'Can delete group', '2', 'delete_group');
INSERT INTO `auth_permission` VALUES ('7', 'Can add user', '3', 'add_user');
INSERT INTO `auth_permission` VALUES ('8', 'Can change user', '3', 'change_user');
INSERT INTO `auth_permission` VALUES ('9', 'Can delete user', '3', 'delete_user');
INSERT INTO `auth_permission` VALUES ('10', 'Can add content type', '4', 'add_contenttype');
INSERT INTO `auth_permission` VALUES ('11', 'Can change content type', '4', 'change_contenttype');
INSERT INTO `auth_permission` VALUES ('12', 'Can delete content type', '4', 'delete_contenttype');
INSERT INTO `auth_permission` VALUES ('13', 'Can add session', '5', 'add_session');
INSERT INTO `auth_permission` VALUES ('14', 'Can change session', '5', 'change_session');
INSERT INTO `auth_permission` VALUES ('15', 'Can delete session', '5', 'delete_session');
INSERT INTO `auth_permission` VALUES ('16', 'Can add site', '6', 'add_site');
INSERT INTO `auth_permission` VALUES ('17', 'Can change site', '6', 'change_site');
INSERT INTO `auth_permission` VALUES ('18', 'Can delete site', '6', 'delete_site');
INSERT INTO `auth_permission` VALUES ('19', 'Can add book', '7', 'add_book');
INSERT INTO `auth_permission` VALUES ('20', 'Can change book', '7', 'change_book');
INSERT INTO `auth_permission` VALUES ('21', 'Can delete book', '7', 'delete_book');
INSERT INTO `auth_permission` VALUES ('22', 'Can add author', '8', 'add_author');
INSERT INTO `auth_permission` VALUES ('23', 'Can change author', '8', 'change_author');
INSERT INTO `auth_permission` VALUES ('24', 'Can delete author', '8', 'delete_author');

-- ----------------------------
-- Table structure for `auth_user`
-- ----------------------------
DROP TABLE IF EXISTS `auth_user`;
CREATE TABLE `auth_user` (
  `id` int(11) NOT NULL AUTO_INCREMENT,
  `password` varchar(128) NOT NULL,
  `last_login` datetime NOT NULL,
  `is_superuser` tinyint(1) NOT NULL,
  `username` varchar(30) NOT NULL,
  `first_name` varchar(30) NOT NULL,
  `last_name` varchar(30) NOT NULL,
  `email` varchar(75) NOT NULL,
  `is_staff` tinyint(1) NOT NULL,
  `is_active` tinyint(1) NOT NULL,
  `date_joined` datetime NOT NULL,
  PRIMARY KEY (`id`),
  UNIQUE KEY `username` (`username`)
) ENGINE=InnoDB AUTO_INCREMENT=2 DEFAULT CHARSET=utf8;

-- ----------------------------
-- Records of auth_user
-- ----------------------------
INSERT INTO `auth_user` VALUES ('1', 'pbkdf2_sha256$10000$JNwtgPqtg3EF$iYp16VPqb3I3C3Do/yQIUbVbO3fIwB2MwK2TZX2svXY=', '2015-11-04 12:14:45', '1', 'root', '', '', '1@123.com', '1', '1', '2015-11-04 12:14:45');

-- ----------------------------
-- Table structure for `auth_user_groups`
-- ----------------------------
DROP TABLE IF EXISTS `auth_user_groups`;
CREATE TABLE `auth_user_groups` (
  `id` int(11) NOT NULL AUTO_INCREMENT,
  `user_id` int(11) NOT NULL,
  `group_id` int(11) NOT NULL,
  PRIMARY KEY (`id`),
  UNIQUE KEY `user_id` (`user_id`,`group_id`),
  KEY `auth_user_groups_6340c63c` (`user_id`),
  KEY `auth_user_groups_5f412f9a` (`group_id`),
  CONSTRAINT `group_id_refs_id_274b862c` FOREIGN KEY (`group_id`) REFERENCES `auth_group` (`id`),
  CONSTRAINT `user_id_refs_id_40c41112` FOREIGN KEY (`user_id`) REFERENCES `auth_user` (`id`)
) ENGINE=InnoDB DEFAULT CHARSET=utf8;

-- ----------------------------
-- Records of auth_user_groups
-- ----------------------------

-- ----------------------------
-- Table structure for `auth_user_user_permissions`
-- ----------------------------
DROP TABLE IF EXISTS `auth_user_user_permissions`;
CREATE TABLE `auth_user_user_permissions` (
  `id` int(11) NOT NULL AUTO_INCREMENT,
  `user_id` int(11) NOT NULL,
  `permission_id` int(11) NOT NULL,
  PRIMARY KEY (`id`),
  UNIQUE KEY `user_id` (`user_id`,`permission_id`),
  KEY `auth_user_user_permissions_6340c63c` (`user_id`),
  KEY `auth_user_user_permissions_83d7f98b` (`permission_id`),
  CONSTRAINT `permission_id_refs_id_35d9ac25` FOREIGN KEY (`permission_id`) REFERENCES `auth_permission` (`id`),
  CONSTRAINT `user_id_refs_id_4dc23c39` FOREIGN KEY (`user_id`) REFERENCES `auth_user` (`id`)
) ENGINE=InnoDB DEFAULT CHARSET=utf8;

-- ----------------------------
-- Records of auth_user_user_permissions
-- ----------------------------

-- ----------------------------
-- Table structure for `book_author`
-- ----------------------------
DROP TABLE IF EXISTS `book_author`;
CREATE TABLE `book_author` (
  `id` int(11) NOT NULL AUTO_INCREMENT,
  `name` varchar(20) NOT NULL,
  `authorid` int(11) NOT NULL,
  `age` int(11) NOT NULL,
  `country` varchar(20) NOT NULL,
  PRIMARY KEY (`id`)
) ENGINE=InnoDB AUTO_INCREMENT=5 DEFAULT CHARSET=utf8;

-- ----------------------------
-- Records of book_author
-- ----------------------------
INSERT INTO `book_author` VALUES ('1', 'Jake', '1', '19', 'UK');
INSERT INTO `book_author` VALUES ('2', 'Mike', '2', '20', 'USA');
INSERT INTO `book_author` VALUES ('3', 'MoYan', '3', '45', 'CN');
INSERT INTO `book_author` VALUES ('4', 'Laoshe', '4', '90', 'CN');

-- ----------------------------
-- Table structure for `book_book`
-- ----------------------------
DROP TABLE IF EXISTS `book_book`;
CREATE TABLE `book_book` (
  `id` int(11) NOT NULL AUTO_INCREMENT,
  `title` varchar(50) NOT NULL,
  `isbn` varchar(50) NOT NULL,
  `authorid_id` int(11) NOT NULL,
  `publisher` varchar(50) NOT NULL,
  `publication_date` varchar(20) NOT NULL,
  `price` int(11) NOT NULL,
  PRIMARY KEY (`id`),
  KEY `book_book_f53e46ff` (`authorid_id`),
  CONSTRAINT `authorid_id_refs_id_6114dea4` FOREIGN KEY (`authorid_id`) REFERENCES `book_author` (`id`)
) ENGINE=InnoDB AUTO_INCREMENT=6 DEFAULT CHARSET=utf8;

-- ----------------------------
-- Records of book_book
-- ----------------------------
INSERT INTO `book_book` VALUES ('1', 'HAHAHA', '412563', '1', 'AADW', '11/11/11', '520');
INSERT INTO `book_book` VALUES ('2', 'HELLO PYTHON', '789125', '1', 'GRSG', '15/9/30', '222');
INSERT INTO `book_book` VALUES ('3', 'LALALA', '481254', '2', 'ASDW', '13/4/5', '111');
INSERT INTO `book_book` VALUES ('4', 'HEY SB', '211235', '3', 'DSFCV', '14/10/7', '10');
INSERT INTO `book_book` VALUES ('5', 'ALL RIGHT', '123456', '4', 'RTEG', '15/1/1', '55');

-- ----------------------------
-- Table structure for `django_content_type`
-- ----------------------------
DROP TABLE IF EXISTS `django_content_type`;
CREATE TABLE `django_content_type` (
  `id` int(11) NOT NULL AUTO_INCREMENT,
  `name` varchar(100) NOT NULL,
  `app_label` varchar(100) NOT NULL,
  `model` varchar(100) NOT NULL,
  PRIMARY KEY (`id`),
  UNIQUE KEY `app_label` (`app_label`,`model`)
) ENGINE=InnoDB AUTO_INCREMENT=9 DEFAULT CHARSET=utf8;

-- ----------------------------
-- Records of django_content_type
-- ----------------------------
INSERT INTO `django_content_type` VALUES ('1', 'permission', 'auth', 'permission');
INSERT INTO `django_content_type` VALUES ('2', 'group', 'auth', 'group');
INSERT INTO `django_content_type` VALUES ('3', 'user', 'auth', 'user');
INSERT INTO `django_content_type` VALUES ('4', 'content type', 'contenttypes', 'contenttype');
INSERT INTO `django_content_type` VALUES ('5', 'session', 'sessions', 'session');
INSERT INTO `django_content_type` VALUES ('6', 'site', 'sites', 'site');
INSERT INTO `django_content_type` VALUES ('7', 'book', 'book', 'book');
INSERT INTO `django_content_type` VALUES ('8', 'author', 'book', 'author');

-- ----------------------------
-- Table structure for `django_session`
-- ----------------------------
DROP TABLE IF EXISTS `django_session`;
CREATE TABLE `django_session` (
  `session_key` varchar(40) NOT NULL,
  `session_data` longtext NOT NULL,
  `expire_date` datetime NOT NULL,
  PRIMARY KEY (`session_key`),
  KEY `django_session_b7b81f0c` (`expire_date`)
) ENGINE=InnoDB DEFAULT CHARSET=utf8;

-- ----------------------------
-- Records of django_session
-- ----------------------------

-- ----------------------------
-- Table structure for `django_site`
-- ----------------------------
DROP TABLE IF EXISTS `django_site`;
CREATE TABLE `django_site` (
  `id` int(11) NOT NULL AUTO_INCREMENT,
  `domain` varchar(100) NOT NULL,
  `name` varchar(50) NOT NULL,
  PRIMARY KEY (`id`)
) ENGINE=InnoDB AUTO_INCREMENT=2 DEFAULT CHARSET=utf8;

-- ----------------------------
-- Records of django_site
-- ----------------------------
INSERT INTO `django_site` VALUES ('1', 'example.com', 'example.com');
